"study";"a1";"a2";"a3";"a4";"a5";"a6";"a7";"yop";"n";"z";"publication";"continent";"country";"language";"male";"schooltype";"age";"ses";"id";"nnew";"effest.exp";"effestnew.exp"
"Aram (2005)";"Aram";"";"";"";"";NA;NA;2005;41;0.18;"published";"asia";"israel";"other";46;"K";65.59;"low";22;41;0.18;0.181982689
"Davidse et al. (2010)";"Davidse";"de Jong";"Bus";"Huijbregts";"Swaab";NA;NA;2010;118;0.21;"unpublished";"europe";"netherlands";"other";52;"P";54.52;"middleup";22;181;0.21;0.213171347
"Senechal et al. (1996) study 1";"Senechal";"LeFevre";"Hudson";"Lawson";"";NA;NA;1996;117;0.44;"published";"north america";"canada";"english";54;"PK";52;"middleup";22;117;0.44;0.435611223
"Senechal et al. (1996) study 2";"Senechal";"LeFevre";"Hudson";"Lawson";"";NA;NA;1996;47;0.32;"published";"north america";"canada";"english";66;"PK";49;"middleup";22;47;0.32;0.309519604
"Senechal et al. (1998)";"Senechal";"LeFevre";"Thomas";"Daley";"";NA;NA;1998;110;0.25;"published";"north america";"canada";"english";58;"K";60;"middleup";22;110;0.25;0.258971546
"Senechal et al. (2000)";"Senechal";"";"";"";"";NA;NA;2000;80;0.09;"published";"north america";"canada";"other";46;"K";60;"middleup";22;80;0.09;0.090244188
"Senechal et al. (2008)";"Senechal";"Pagan";"Lever";"Ouellette";"";NA;NA;2008;106;0.29;"published";"north america";"canada";"english";46;"P";56;"middleup";22;106;0.29;0.280462773
"Symons et al. (1996)";"Symons";"Szuszkiewicz";"Bonnell";"";"";NA;NA;1996;39;0.38;"published";"north america";"canada";"english";51;"K";72;"middleup";22;39;0.38;0.376885901
