"study";"n";"z";"pub";"type";"vz"
"Aram (2005)";41;0.18;0;"r";0.0263157894736842
"Davidse et al. (2010)";118;0.21;0;"r";0.00869565217391304
"Senechal et al. (1996) study 1";117;0.44;0;"o";0.0087719298245614
"Senechal et al. (1996) study 2";47;0.32;0;"r";0.0227272727272727
"Senechal et al. (1998)";110;0.25;0;"r";0.00934579439252336
"Senechal et al. (2000)";80;0.09;0;"r";0.012987012987013
"Senechal et al. (2008)";106;0.29;0;"r";0.00970873786407767
"Symons et al. (1996)";39;0.38;0;"r";0.0277777777777778
