study;a1;a2;a3;a4;a5;a6;yop;n;z;publication;continent;country;language;male;schooltype;age;ses;zexp;nnew;znew;znewexp;vz;newvz
Aram (2005);Aram;;;;;NA;2005;41;0.18;published;asia;israel;other;46;K;65.59;low;0.18;41;0.181982689;0.181982689;0.026315789;
Davidse et al. (2010);Davidse;de Jong;Bus;Huijbregts;Swaab;NA;2010;118;0.21;unpublished;europe;netherlands;other;52;P;54.52;middleup;0.21;181;0.213171347;0.213171347;0.008695652;
Senechal et al. (1996) study 1;Senechal;LeFevre;Hudson;Lawson;;NA;1996;117;0.44;published;north america;canada;english;54;PK;52;middleup;0.44;117;0.435611223;0.435611223;0.00877193;
Senechal et al. (1996) study 2;Senechal;LeFevre;Hudson;Lawson;;NA;1996;47;0.32;published;north america;canada;english;66;PK;49;middleup;0.32;47;0.309519604;0.309519604;0.022727273;
Senechal et al. (1998);Senechal;LeFevre;Thomas;Daley;;NA;1998;110;0.25;published;north america;canada;english;58;K;60;middleup;0.25;110;0.258971546;0.258971546;0.009345794;
Senechal et al. (2000);Senechal;;;;;NA;2000;80;0.09;published;north america;canada;other;46;K;60;middleup;0.09;80;0.090244188;0.090244188;0.012987013;
Senechal et al. (2008);Senechal;Pagan;Lever;Ouellette;;NA;2008;106;0.29;published;north america;canada;english;46;P;56;middleup;0.29;106;0.280462773;0.280462773;0.009708738;
Symons et al. (1996);Symons;Szuszkiewicz;Bonnell;;;NA;1996;39;0.38;published;north america;canada;english;51;K;72;middleup;0.38;39;0.376885901;0.376885901;0.027777778;
